round,hint_id,train_qid,sampling_slurm_job_id,proposal_eval_slurm_job_id,incumbent_hash,proposal_hash,final_hash,old_train,new_train,delta_train,old_heldout,new_heldout,delta_heldout,old_J,new_J,delta_J,old_tokens,new_tokens,decision,mutation,subagent_summary
1,1,28054,150.20,150.23,98f0bbb6f87c7e50634956da8a0905b30a66997aa33a5e4bc67a2609ec487ed8,94767b7202cf5d499b1458d492aaa4b942134d41aaf5a5105613a15b33b362ff,98f0bbb6f87c7e50634956da8a0905b30a66997aa33a5e4bc67a2609ec487ed8,0.0,0.0,0.0,0.175,0.1125,-0.062499999999999986,0.35,0.225,-0.12499999999999997,77,142,discarded,"keep unstated labels as part of the candidate, and break the contradiction-relooping that burns the token budget","All 8 fresh rollouts scored 0 and 5 of 8 hit the 16384-token cap; every one split the problem into mutually exclusive global cases, declared each case contradictory, then re-derived the same case repeatedly until it either ran out of tokens or guessed an unverified value. The incumbent hint said to build a candidate set but never told the student that an unstated label is itself part of a candidate, nor how to escape a self-inflicted contradiction, so I added both plus an explicit stop-and-verify to cut the runaway loop."
1,2,30302,150.13,150.24,e926ca1d6f04d597d4b99af9d15b2597417b40fc28c3c0397d67f147cfa99917,522d61457e89465e8a7bfc849b07a03c0da4af9ddc2c5b4491a76e55d53ceeb5,e926ca1d6f04d597d4b99af9d15b2597417b40fc28c3c0397d67f147cfa99917,0.875,0.875,0.0,0.125,0.1,-0.024999999999999994,1.125,1.075,-0.050000000000000044,81,134,discarded,generalize problem-specific Mobius/ratio recipe into reusable structure-finding + exactness + verification strategy,"All 8 fresh training rollouts were correct and none truncated, so train_i is saturated at 1.0 while heldout_i sits at 0.125; the incumbent's gain is therefore almost entirely from naming this problem's exact substitution w=(z-1)/z, which cannot transfer. I rewrote it as the underlying transferable moves the successful rollouts actually used: exploit homogeneity to reduce to one ratio, reduce to a w^n = c form that pins the modulus, recover the original unknown and identify the locus by algebra rather than case enumeration, stay exact, and verify one instance before answering."
1,3,8554,150.16,150.25,00f433b6ea19dfe2336efbb3476fea529c0993179016a67ce16e4288905f3cd0,6895075b3c8d3022684325973d416c0c6de5eaefdb3216294c5b27ade783a059,6895075b3c8d3022684325973d416c0c6de5eaefdb3216294c5b27ade783a059,0.0,0.5,0.5,0.1875,0.1875,0.0,0.375,0.875,0.5,86,117,kept,replace piecewise-angle grind with symmetry/invariance shortcut plus commit-and-stop discipline,"Seven of eight rollouts ran to the 16384-token cap without emitting any answer: they repeatedly rebuilt the coordinate setup and looped on 'the sides are tangent... but this is too vague' while trying to sweep the overlap area as a function of rotation angle, which is exactly what the incumbent hint asks for. The one success and one near-success got there by noticing the overlap is angle-independent, so the revision keeps the union-minus-overlap framing but redirects effort to a rotational-invariance/symmetry check, forbids re-deriving the setup, and demands committing to an exact fraction instead of continuing to search."
1,4,25003,150.17,150.26,93b35723e9cc953d39ac835ae67c34590b0c25060143ab50c99c75c21cbb1ff2,9ad17434e90ac5fbf9203596a47b29dac7558e85f253b13129bb54f81a831763,9ad17434e90ac5fbf9203596a47b29dac7558e85f253b13129bb54f81a831763,0.0,0.25,0.25,0.2,0.225,0.024999999999999994,0.4,0.7,0.29999999999999993,94,177,kept,reframe as bound-plus-construction; forbid the consecutive-difference dead end and require summing per-function root caps,"All 8 fresh rollouts scored 0: four ran out of tokens mid-derivation and the four that finished all produced answers far too small. Each finisher fixated on consecutive differences of one polynomial, concluded a single polynomial cannot sustain the progression, and then reported either one function's root cap or the number of functions instead of summing a per-function cap across all available functions, and none attempted a construction. The revision names the bound-plus-construction structure, blocks the consecutive-difference dead end, tells it to add the per-function caps, and pushes for an early commitment to reduce length-limit truncation."
1,5,30418,150.14,150.27,b807d87e8e00cc91a6166db0fb3921c3d3651d016bdd936e3700d0c9bde5fa81,4dfd4c901532b591e57acb18527ed63a95fff108f57f092b769935d15f97eb88,b807d87e8e00cc91a6166db0fb3921c3d3651d016bdd936e3700d0c9bde5fa81,0.75,0.625,-0.125,0.15,0.125,-0.024999999999999994,1.05,0.875,-0.17500000000000004,73,150,discarded,replace generic procedure with symmetry-center shortcut plus anti-loop rule on contradictions,"Seven of eight fresh rollouts solved it; the single failure hit max tokens after its brute-force elimination produced a negative discriminant and then spent thousands of tokens re-verifying the same cross-multiplication instead of changing approach. The incumbent hint prescribes exactly that expensive eliminate-and-solve path, so I replaced it with a transferable instruction to look for a symmetry center and use reflections plus shoelace, and to treat a contradiction as a signal to switch representation once rather than loop."
1,6,26989,150.15,150.28,99c30a3f882f054f77512e4fdca1d19befb3e5426d7d857d52f4369a95c4f820,0ac1224b31d00697e03ba5c0028a103aff26fa7b283c8ea589f0aad96efd31e0,0ac1224b31d00697e03ba5c0028a103aff26fa7b283c8ea589f0aad96efd31e0,0.0,0.125,0.125,0.125,0.1125,-0.012499999999999997,0.25,0.35,0.09999999999999998,83,172,kept,attack the false-uniformity assumption; require derived path probabilities plus small-case check,"Fresh sampling with the incumbent hint gave 2/8 correct; every rollout finished well within the token budget, so length was never the problem. Six of the eight failures collapsed the process to 'all orderings are equally likely' and read off 1/n or 1/n!, or declared an outcome impossible from intuition, so the revision names that symmetry shortcut as the trap, insists branch weights be multiplied along each concrete path (1/2 only when a choice truly exists, 1 when forced), and adds a small-case hand check plus a sum-to-one test."
1,7,3836,150.18,150.29,39e2668fb5cca7669288765276aabe0dba01769397daa33b16a9dd7c0174a8f4,2aede24f636e400a140c881ae888ef724a71d96f3ec41e5a62769af799ffe0b6,39e2668fb5cca7669288765276aabe0dba01769397daa33b16a9dd7c0174a8f4,0.125,0.125,0.0,0.1625,0.1625,0.0,0.45,0.45,0.0,82,128,discarded,replace abstract-machinery framing with small-case tabulation plus budget-abort rule,"Only 1 of 8 fresh rollouts scored, and 6 of 8 hit the 16384-token cap without ever emitting an answer, so the dominant failure is budget exhaustion rather than a reasoning gap. The incumbent hint's functional/Lagrange/Vandermonde vocabulary is exactly what the doomed rollouts churned on for tens of thousands of characters, while the single success ignored it and instead solved tiny instances and read off the pattern; the two that did finish also showed off-by-one slips in the factorial and sign. The revision therefore prescribes small-case tabulation with explicit sign and index-shift tracking, a brief structural justification, and an abort rule when a general method stalls."
1,8,23443,150.19,150.30,149cabea90724683bc818e06d11bef6dc0c07209cfe1b68f2300dc838be4613d,0d69acbbc22f6b6d010a7598ef5f396aab2ad9b836bc2daa3901cefadc1a3caf,149cabea90724683bc818e06d11bef6dc0c07209cfe1b68f2300dc838be4613d,1.0,0.25,-0.75,0.1625,0.15,-0.012500000000000011,1.325,0.55,-0.7749999999999999,77,121,discarded,de-specialize to domain-neutral divisibility/percent/units checklist,"All 8 fresh rollouts scored reward 1 and terminated normally in roughly 3-5k tokens, so train_i is saturated at 1.0 and every remaining gain must come from transfer; the incumbent's low aggregate transfer score is consistent with its wording being locked to this question's own nouns and stage vocabulary. The rollouts show the student's actual working steps are generic (impose divisibility on several totals, take a gcd, sum before dividing, apply the percent as a multiplier), so I restated exactly those moves in domain-neutral language and added two broadly useful guards the rollouts spent effort re-deriving: substitute back to verify integrality/units, and answer the quantity asked rather than an intermediate."
1,9,3980,150.22,150.31,d95dbbc2898bc6c58c3684891a45d7c76fe4e0835ddd91bed1a4955ddf89942a,eab27d3627aae1499f17984f65024e2ab712331f9350f11716df1e8621e3725f,eab27d3627aae1499f17984f65024e2ab712331f9350f11716df1e8621e3725f,0.0,0.0,0.0,0.0875,0.175,0.0875,0.175,0.35,0.175,71,158,kept,add explicit budget guard against full expansion plus a concrete recenter-at-shared-fixed-point recipe and a contradiction-means-change-representation rule,"All 8 fresh rollouts scored 0: seven of eight ran to the 16384-token cap mid-expansion of the composed identity, looping on coefficient matching and re-deriving contradictory relations, and the single one that terminated invented large coefficients without any check. The incumbent hint named the right ideas but never forbade brute-force expansion or told the student what to do on hitting a contradiction, so the revision makes the cost guard explicit, gives an actionable recentering/symmetry construction, and demands one verifying substitution before answering."
1,10,3843,150.21,150.32,95005ec62835dbef2cc6b52c26e1bc8efa75d3d939090ada63716aa06be7a5b5,075d3405404f1f300e09228ddcff2dbe646c2a4753c235ae8010456f10fb00e8,95005ec62835dbef2cc6b52c26e1bc8efa75d3d939090ada63716aa06be7a5b5,0.375,0.125,-0.25,0.1375,0.2,0.0625,0.65,0.525,-0.125,72,163,discarded,"add orbit-trace lower bound plus small-case table with one verification case, blame indexing for odd cycle lengths, and force early commit to stop token overruns","Only 3 of 8 rollouts were correct and all 5 failures shared one pattern: after building a small-case table the student distrusted it, re-derived the composed map with inconsistent stage order or off-by-one indexing, produced implausible cycle lengths (e.g. 5, 7, 2^n-1), and 4 of the 5 then hit the 16384-token cap mid-loop without committing an answer. The incumbent asked for a 'bitwise affine permutation' and a minimality proof, which invited exactly that open-ended re-derivation, so the revision replaces it with a concrete orbit-trace lower bound, a bounded verify-once-then-stop protocol, and an explicit instruction to suspect indexing rather than exotic cycle structure."
2,1,28054,150.33,150.43,98f0bbb6f87c7e50634956da8a0905b30a66997aa33a5e4bc67a2609ec487ed8,cbbaaafa1907efc60835e2a44f805271c9a2f4cd4fe5d3988c244caa7b7e5f7b,cbbaaafa1907efc60835e2a44f805271c9a2f4cd4fe5d3988c244caa7b7e5f7b,0.0,0.25,0.25,0.175,0.1375,-0.03749999999999998,0.35,0.525,0.17500000000000004,77,144,kept,"reframe 'I don't know' as a divisibility/range test on the speaker's own value under an unlabelled displayed quantity, and forbid boxing an enumerated candidate without checking it","Fresh sampling with the incumbent hint scored 2/8; five of the six failures enumerated the factor pairs of the displayed number, declared both readings contradictory, then boxed an arbitrary member of that enumeration, and one ran to the token cap. The incumbent tells the student to prune information sets but never says the displayed quantity's own label is ambiguous nor how to convert 'I don't know' into a concrete arithmetic test on the speaker's private value, so I added both and an explicit ban on boxing an unverified enumerated candidate."
2,2,30302,150.34,150.44,e926ca1d6f04d597d4b99af9d15b2597417b40fc28c3c0397d67f147cfa99917,c0bacc962b5d9b008c7653bdcfcdd8ab80563aa93224e9cd27a6854775c4ea78,e926ca1d6f04d597d4b99af9d15b2597417b40fc28c3c0397d67f147cfa99917,0.875,0.625,-0.25,0.125,0.2125,0.0875,1.125,1.05,-0.07499999999999996,81,142,discarded,"keep incumbent ratio/locus setup, add sign-check discipline plus a non-looping recovery route (fit general circle to explicit points) and a commit-early boxing rule","Seven of eight fresh rollouts were correct; the single failure exhausted the 16384-token cap after a sign error made one explicitly computed root disagree with its own correct symbolic locus, triggering dozens of self-doubting restarts and no committed result. Round 1 showed that stripping the concrete substitution hurt transfer, so I kept the incumbent setup and appended the transferable fix: verify the parametrization on one explicit instance, and when a spot-check conflicts, recover by fitting the general conic form to a few exact points instead of relitigating, then commit and box early."
2,3,8554,150.35,150.45,6895075b3c8d3022684325973d416c0c6de5eaefdb3216294c5b27ade783a059,e73c55e27100ae936358bb7823761096f52d3e52bbb1bf81a9e7298441eeb331,e73c55e27100ae936358bb7823761096f52d3e52bbb1bf81a9e7298441eeb331,0.5,0.5,0.0,0.1875,0.2,0.012500000000000011,0.875,0.9,0.025000000000000022,117,131,kept,"add explicit anti-containment check: a vertex is only an interior-angle wedge, verify with a test point","Four of eight rollouts solved it; every one of the four failures came from the same wrong belief that the larger square contains the smaller one in all orientations, so they concluded the overlap equals the whole small square and reported a union that was too small (two of them even asserted this confidently and stopped). The incumbent's invariance advice alone did not stop this, so the revision names the geometric trap directly: a vertex only spans its interior angle, verify non-containment with one concrete test point, and only then use the n-fold-symmetry wedge argument to get the overlap fraction without any angle sweep."
2,4,25003,150.36,150.46,9ad17434e90ac5fbf9203596a47b29dac7558e85f253b13129bb54f81a831763,f26aaa574972ad6e146cbf8e3aaa50dcf4ebfa771b9c5642659422047d4beca7,9ad17434e90ac5fbf9203596a47b29dac7558e85f253b13129bb54f81a831763,0.25,0.25,0.0,0.225,0.1875,-0.037500000000000006,0.7,0.625,-0.07499999999999996,177,178,discarded,kill the single-function consecutive-difference contradiction loop; state the caps-product as the answer and forbid retreating to d or the function count,"All 8 fresh rollouts scored 0: four hit the 16384-token limit while relooping on a self-inflicted ""contradiction"" that one polynomial's consecutive difference cannot be constant, and the four that stopped answered with the function count or a single function's root cap. One rollout actually derived the correct caps-product but then talked itself back down to a single function's cap, so the revision names the product as the intended answer, bans the retreat, explicitly dissolves the consecutive-difference contradiction (consecutive terms may use different functions), and orders early abandonment of impossibility branches to cut truncation."
2,5,30418,150.37,150.47,b807d87e8e00cc91a6166db0fb3921c3d3651d016bdd936e3700d0c9bde5fa81,9e3a1cd5e980ec635ebcb8c91cc9fc684f4d427ff4cc4cab8f563f32be17c13e,b807d87e8e00cc91a6166db0fb3921c3d3651d016bdd936e3700d0c9bde5fa81,0.75,0.625,-0.125,0.15,0.1125,-0.03749999999999999,1.05,0.85,-0.20000000000000007,73,136,discarded,"replace problem-specific procedure with general condition-translation, exact-fraction, and validity-constraint discipline","All eight fresh rollouts solved the training question correctly at roughly 9.5k completion tokens each, so train accuracy is saturated and the only remaining lever is transfer, where the incumbent scores low because its wording is tied to one specific setup (logarithmic fractional-linear parameters, oriented vectors, determinant area). The prior round's failure mode was a rollout that mistranslated the point-pairing condition, hit an empty solution set, and then looped on recomputation until it ran out of tokens, so I kept an anti-loop and substitute-back rule but expressed the whole hint as domain-general discipline: translate conditions exactly, reduce to one unknown, keep exact fractions, enumerate validity constraints, and reject extraneous roots."
2,6,26989,150.38,150.48,0ac1224b31d00697e03ba5c0028a103aff26fa7b283c8ea589f0aad96efd31e0,45b2c0df517f87901f5a1ad921b228f3059ad2ca08158d9c5eb6939a11ecf4b4,45b2c0df517f87901f5a1ad921b228f3059ad2ca08158d9c5eb6939a11ecf4b4,0.125,0.125,0.0,0.1125,0.2125,0.09999999999999999,0.35,0.55,0.20000000000000007,172,200,kept,"pin mechanics/first-vs-last arrival, then convert event to an exact move-sequence constraint counted only over free 50/50 choices","Fresh sampling with the incumbent gave 2/8; all eight rollouts terminated normally with 11k-16k tokens, so length is not the bottleneck. The incumbent already suppressed 1/n! on part (a) (four rollouts derived 1/2^(n-1) there) but every failure then reverted to an asserted 'each item equally likely in any position' shortcut on the second part, and several also mixed up whether the target position corresponds to the first or the last arrival on the stack. The revision therefore demands the mechanics and the first-vs-last mapping be pinned before counting, that the event be restated as an exact constraint on the move sequence, that only genuinely free 50/50 branches be multiplied (forced moves contribute 1), and that each part be re-derived independently."
2,7,3836,150.39,150.49,39e2668fb5cca7669288765276aabe0dba01769397daa33b16a9dd7c0174a8f4,970826b6d808a016748fe1e6cda39b71098679265ead772ffa8f52eeb6eaed54,970826b6d808a016748fe1e6cda39b71098679265ead772ffa8f52eeb6eaed54,0.125,0.25,0.125,0.1625,0.1125,-0.05,0.45,0.475,0.024999999999999967,82,132,kept,small-case-first computation with claim-testing and a no-restart stall rule,"Fresh sampling under the incumbent hint scored 0 of 8, and 7 of 8 rollouts hit the 16384-token cap without ever emitting an answer; the abstract functional/Vandermonde/Lagrange framing sent them into long symbolic derivations that repeatedly self-contradicted and restarted. The single rollout that terminated asserted an unchecked structural claim and answered from it, and the only prior success instead solved the smallest instances by hand and read off the pattern. The revision therefore front-loads exact small-case computation, demands that structural claims be tested on the smallest case, and forbids restarting a stalled derivation so the budget is spent on verifiable arithmetic."
2,8,23443,150.40,150.50,149cabea90724683bc818e06d11bef6dc0c07209cfe1b68f2300dc838be4613d,83bf5428d92045ed33fa45e2c5c0acd34c8e20775308e12d640c1599d9ee2f6b,149cabea90724683bc818e06d11bef6dc0c07209cfe1b68f2300dc838be4613d,1.0,0.5,-0.5,0.1625,0.2125,0.04999999999999999,1.325,0.925,-0.3999999999999999,77,117,discarded,"keep question-anchored divisibility scaffold, prepend per-unit-vs-total scope labeling and add back-multiplication check","All 8 fresh rollouts scored reward 1 and stopped cleanly in 2.9-4.6k tokens, so train_i is saturated and gains must come from transfer; last round's fully de-specialized checklist rewrite collapsed train to 0.25 and also lost held-out ground, so I kept the incumbent's concrete anchoring instead of abstracting it away. The dominant observable waste in the rollouts is a long stretch of re-reading to decide whether each listed figure is a per-unit amount or a whole-collection total, so I prepended that scope-labeling step and replaced the vague integrality/units clause with a concrete back-multiplication check, both reusable moves rather than problem-specific facts."
2,9,3980,150.41,150.51,eab27d3627aae1499f17984f65024e2ab712331f9350f11716df1e8621e3725f,2bcb5d3e6fb5734eebdd781a83717282b26d1535b8a1350660140759e3a7d0f7,2bcb5d3e6fb5734eebdd781a83717282b26d1535b8a1350660140759e3a7d0f7,0.0,0.5,0.5,0.175,0.2,0.025000000000000022,0.35,0.9,0.55,158,195,kept,"replace coefficient-matching guidance with a commit-to-a-structured-family-then-fit recipe, plus special-input substitution and center-check shortcuts","All 8 fresh rollouts scored 0 and every one hit the 16384-token cap; each opened by naming eight unknown coefficients for the two cubics and then spent the whole budget expanding the degree-9 composition, looping on contradictory coefficient relations without ever finishing. The incumbent hint told the student to avoid full expansion but still pointed at term matching, so the revision forbids the unknown-coefficient opening outright and gives a concrete alternative: posit a minimal structured family that satisfies the identity automatically, fit it to the two given values, and verify once by substitution."
2,10,3843,150.42,150.52,95005ec62835dbef2cc6b52c26e1bc8efa75d3d939090ada63716aa06be7a5b5,448feecd44967af4e06e82d05f4476054234e6e1a16befcf517979d41ef5805f,95005ec62835dbef2cc6b52c26e1bc8efa75d3d939090ada63716aa06be7a5b5,0.375,0.125,-0.25,0.1375,0.1625,0.024999999999999994,0.65,0.45,-0.2,72,143,discarded,"replace symbolic index-formula derivation with concrete label-row simulation, warn that stages compose on the previous result, and require exact counts at two-plus sizes","Only 2 of 8 rollouts were correct and 5 of the 6 failures hit the 16384-token cap while still attempting a symbolic map from index to index, several explicitly abandoning small-case checks as 'too abstract' or 'too long'; the sixth finished but asserted a uniform cycle length one power too small without ever counting. The recurring mechanical error was applying each stage to the original positions instead of to the arrangement the previous stage produced, which yielded impossible cycle lengths and triggered endless re-derivation. The revision therefore swaps the incumbent's bitwise-affine-permutation framing for concrete label-row simulation, names the stage-composition slip as the cause of implausible cycle lengths, and demands exact counts at two or more sizes since the tiniest case underdetermines the pattern."
3,1,28054,150.53,150.63,cbbaaafa1907efc60835e2a44f805271c9a2f4cd4fe5d3988c244caa7b7e5f7b,319fe8d355e0dc9553c5d160edfbe35845d62046af8e4ee26502954554f37755,cbbaaafa1907efc60835e2a44f805271c9a2f4cd4fe5d3988c244caa7b7e5f7b,0.25,0.0,-0.25,0.1375,0.1125,-0.02500000000000001,0.525,0.225,-0.30000000000000004,144,134,discarded,"kill the wrong source of uncertainty: ignorance comes from the unknown reading, not from many factorizations, so intersect feasibility tests across readings","Fresh sampling with the incumbent hint scored 0/8 and 5 of 8 hit the token cap; every rollout attributed ""I don't know"" to the display having many factor pairs, then correctly noticed that a speaker's own value pins the partner uniquely, declared a contradiction, and either looped enumerating pairs until truncation or picked an arbitrary factor. The incumbent flags label ambiguity but still frames uncertainty as multiple partners, so I replaced that with the correct rule -- uncertainty comes only from the unknown reading -- and turned it into an intersect-the-feasibility-tests procedure that terminates quickly."
3,2,30302,150.60,150.64,e926ca1d6f04d597d4b99af9d15b2597417b40fc28c3c0397d67f147cfa99917,28f5940fca6f5c106c6b1b812d8d3d0783186de0eb13a7af8747b9a265995f64,e926ca1d6f04d597d4b99af9d15b2597417b40fc28c3c0397d67f147cfa99917,0.875,0.75,-0.125,0.125,0.1625,0.037500000000000006,1.125,1.075,-0.050000000000000044,81,149,discarded,"replace the problem-specific Mobius substitution with the general modulus route (|z-a|=k|z-b| squared into a circle), warning off the angle-parametrization path","All eight fresh rollouts were correct this round and none truncated, so train is saturated at 1.0 while heldout stays at 0.125; the incumbent's remaining value is mostly its literal naming of this problem's substitution, which cannot transfer. The shortest, cleanest rollouts avoided angle parametrization and instead took absolute values to get a fixed-ratio distance condition, squared it with the conjugate identity, and completed the square, while the only prior failure came from sign slips inside the Moebius-parametrization branch; I therefore promoted the modulus route as the transferable technique and kept exactness, one spot-check, and early commitment."
3,3,8554,150.54,150.65,e73c55e27100ae936358bb7823761096f52d3e52bbb1bf81a9e7298441eeb331,a71ec282166673f98eebbf05af901e78a1fce63d67599d67a059c52543234e4c,e73c55e27100ae936358bb7823761096f52d3e52bbb1bf81a9e7298441eeb331,0.5,0.625,0.125,0.2,0.1125,-0.08750000000000001,0.9,0.85,-0.050000000000000044,131,149,discarded,keep the sector/symmetry core but compress it and add budget discipline: stop re-litigating once the value repeats,"Four of eight rollouts were correct, and the failure mode has shifted: all eight reached the correct value early in reasoning (within the first ~7k characters), but every one of the four failures then kept re-testing rotation angles and re-deriving the setup until it hit the 16384-token cap with the reasoning block still open, so nothing was scored. The containment warning from the incumbent is now working, so this revision shortens that clause and spends the freed tokens on explicit budget discipline: one clean overlap argument plus one extreme case, record the exact value immediately, and treat a repeated value as a stop signal rather than grounds for another angle sweep."
3,4,25003,150.55,150.66,9ad17434e90ac5fbf9203596a47b29dac7558e85f253b13129bb54f81a831763,4e9c9418a15c4194d3667965861938531754dd02fddf311005f8446d2bacd97c,9ad17434e90ac5fbf9203596a47b29dac7558e85f253b13129bb54f81a831763,0.25,0.0,-0.25,0.225,0.225,0.0,0.7,0.45,-0.24999999999999994,177,186,discarded,"separate the degree-d root cap from the d+1 interpolation count, assert the summed budget is already in the asked-for units, and compress the impossibility-branch exit","All 8 fresh rollouts scored 0 and none reached the intended count: four hit the token limit while relooping on a self-inflicted impossibility (forcing one polynomial's own consecutive difference to be constant), and the finishers answered either the number of available objects or a bare degree/interpolation count. One rollout derived the correct product of per-object budgets but then rejected it as ""not directly applicable"" and reinterpreted it as a single object's cap, so the revision distinguishes the root cap from the interpolation count, states that the summed budget is already the quantity being asked for, and shortens the exit from impossibility branches to reduce truncation."
3,5,30418,150.58,150.67,b807d87e8e00cc91a6166db0fb3921c3d3651d016bdd936e3700d0c9bde5fa81,83c896bc82082c6ed4cb8791f9d2a555f90a25b05e0dc438a5532b3b8a6282c8,83c896bc82082c6ed4cb8791f9d2a555f90a25b05e0dc438a5532b3b8a6282c8,0.75,0.875,0.125,0.15,0.175,0.024999999999999994,1.05,1.225,0.17500000000000004,73,63,kept,"compress to a terse generic name-reduce-discard-crosscheck rule, roughly half the length of prior rewrites","All eight fresh rollouts were correct at about 9.4k completion tokens, so train accuracy is saturated and only transfer can move J. The real crux in every successful rollout was rejecting the degenerate root of the reduced one-variable equation and then cross-checking the area by a second formula, so I kept exactly those two transferable moves. Both prior rewrites were long generic discipline lists (136-150 tokens) and lost heldout against a 73-token incumbent, so this proposal tests brevity: about 68 tokens of dense imperatives with no setup-specific vocabulary."
3,6,26989,150.56,150.68,45b2c0df517f87901f5a1ad921b228f3059ad2ca08158d9c5eb6939a11ecf4b4,d8275a49a8c4c5c47f1a038656afc89757cd584f7c8f14fc127016077c3673b7,45b2c0df517f87901f5a1ad921b228f3059ad2ca08158d9c5eb6939a11ecf4b4,0.125,0.125,0.0,0.2125,0.1625,-0.04999999999999999,0.55,0.45,-0.10000000000000003,200,198,discarded,add forced-outcome (0 or 1) trap plus total-moves = items x legs and LIFO first-arrival-is-bottom mechanics,"Fresh sampling with the incumbent scored 0/8 (one rollout hit the 16384-token cap while dithering; the other seven terminated normally), so length is only a marginal issue. Two rollouts newly collapsed the process to a deterministic outcome and reported certainty or impossibility, several miscounted the total number of moves by charging one move per item instead of one per item per leg, and most still fell back on an asserted uniform-permutation shortcut for the second part. The revision keeps the symmetry warning that transferred well, forbids an unargued 0-or-1 claim without two exhibited reachable end states, states the moves = items x legs count and the last-in-first-out fact that a destination's bottom is its earliest arrival, and pushes for an early committed result."
3,7,3836,150.59,150.69,970826b6d808a016748fe1e6cda39b71098679265ead772ffa8f52eeb6eaed54,d5791c5d4416ca9b3e228253dbe8e2420e31df8f7d6b3a3040758c82d7c3a717,970826b6d808a016748fe1e6cda39b71098679265ead772ffa8f52eeb6eaed54,0.25,0.125,-0.125,0.1125,0.1375,0.02500000000000001,0.475,0.4,-0.07499999999999996,132,142,discarded,pin the n-family scaling rule up front and forbid renegotiating the setup mid-solution,"Fresh sampling scored 2 of 8; both successes came from plain elimination on n = 2, 3, 4 followed by an immediate commit to the factored pattern, while all 6 failures hit the 16384-token cap. The dominant failure was not arithmetic but repeated renegotiation of the small-case setup: rollouts kept re-deriving how many conditions the reduced instance should have, then adopted a polynomial reinterpretation that contradicted their own hand-solved case and restarted instead of trusting it. The revision therefore makes the n-family scaling rule an explicit one-time step, forbids revisiting it, and instructs the student to discard a contradicting reinterpretation rather than the verified arithmetic."
3,8,23443,150.62,150.70,149cabea90724683bc818e06d11bef6dc0c07209cfe1b68f2300dc838be4613d,c03778f3bc7724422dfb82291710466ce4ad975bf698a71f3ceda969d5c10745,149cabea90724683bc818e06d11bef6dc0c07209cfe1b68f2300dc838be4613d,1.0,1.0,0.0,0.1625,0.1375,-0.024999999999999994,1.325,1.275,-0.050000000000000044,77,138,discarded,"keep incumbent text verbatim, name gcd explicitly, and append a short domain-neutral transfer clause (fix per-unit-vs-total scope once, gcd = largest admissible count, commit then back-verify)","All 8 fresh rollouts scored reward 1 with clean stops at 2.7-5.6k tokens, so train_i is saturated at 1.0 and every remaining point of gain must come from transfer. Rounds 1 and 2 both rewrote the hint wholesale and each collapsed train (0.25 and 0.5) while transfer barely moved, so this round preserves the incumbent sentences verbatim and only appends reusable strategy. The rollouts show two concrete, repeatable stalls: 20-80 oscillations per rollout over whether a listed figure is per-unit or a collection total, and 6-24 restatements of the maximum-feasible-count clause before concluding the gcd, so I name the gcd inline and add a decide-once/commit-then-back-verify rule."
3,9,3980,150.57,150.71,2bcb5d3e6fb5734eebdd781a83717282b26d1535b8a1350660140759e3a7d0f7,3bc4a8fb988c1eb05c38ceb4f4bd0bb3b1f52a692bff540b0be46ed42b51bd06,3bc4a8fb988c1eb05c38ceb4f4bd0bb3b1f52a692bff540b0be46ed42b51bd06,0.5,0.625,0.125,0.2,0.2375,0.03749999999999998,0.9,1.1,0.20000000000000007,195,172,kept,"name the recenter-plus-antisymmetric-ansatz construction concretely, add add/subtract-the-two-given-values solve step, structural (non-expanding) verification, and an ugly-fractions abort signal with a one-switch cap","Fresh rollouts split 4/8 correct with a sharp pattern: every success terminated under 10k tokens after committing to a shared-center antisymmetric ansatz and solving the two given values by adding/subtracting them, while all four failures ran to the 16384-token cap - two after reverting to full coefficient expansion of the composition, one lost in divisor-hunting over ugly fractions, and one that reached the right ansatz but then tried to verify it by brute expansion. The revision therefore spells out the recentering construction and its two-equation solve, replaces expansion-based verification with a symmetry check, and gives an explicit abort signal plus a one-switch cap so the student stops re-deriving instead of burning the budget."
3,10,3843,150.61,150.72,95005ec62835dbef2cc6b52c26e1bc8efa75d3d939090ada63716aa06be7a5b5,ae55ce3989859ea6f512c3e2c3fa5c48cffc4b29cf1ba69ccbf46e955fbe0f0d,ae55ce3989859ea6f512c3e2c3fa5c48cffc4b29cf1ba69ccbf46e955fbe0f0d,0.375,0.25,-0.125,0.1375,0.2,0.0625,0.65,0.65,0.0,72,148,kept,"attack the premature-shortcut failure mode: force falsification of any guessed closed form against a literal small-case trace, forbid assuming period 2 from swap-shaped stages, and require exact counts at two sizes","Only 2 of 8 rollouts were correct. The dominant new failure was premature abstraction into a plausible-sounding shortcut: three finishing rollouts all asserted the process was a fixed block shift or a product of disjoint 2-cycles and therefore had period 2, without ever tracing labels far enough to falsify that claim, and the four token-capped rollouts burned the budget on symbolic index formulas after abandoning small cases. The revision therefore keeps the incumbent's concrete-trace instinct but reorients it as a falsification test on any guessed shortcut, names the swap-implies-period-2 trap explicitly, and requires exact counts at two sizes before generalizing."
4,1,28054,150.73,150.83,cbbaaafa1907efc60835e2a44f805271c9a2f4cd4fe5d3988c244caa7b7e5f7b,6419f76dc4d52b79fc8a0deba5d7ecd03475115312c18e19e259990f6a704c1d,cbbaaafa1907efc60835e2a44f805271c9a2f4cd4fe5d3988c244caa7b7e5f7b,0.25,0.125,-0.125,0.1375,0.1375,0.0,0.525,0.4,-0.125,144,128,discarded,"chain the second speaker's test through the first speaker's test, and forbid re-deriving cases that caused truncation","Fresh sampling with the incumbent hint scored 1/8 and 5 of 8 truncated at the token cap; every failure enumerated the divisor pairs, noticed each speaker's own value pins the partner within one reading, declared both readings contradictory, and then re-derived the same two cases until truncation or emitted an arbitrary divisor. The incumbent names the label ambiguity but never says the second statement must be evaluated against the first speaker's constraint, so I added that chaining rule plus an explicit ban on re-deriving a case already handled, which is what burned the budget."
4,2,30302,150.74,150.84,e926ca1d6f04d597d4b99af9d15b2597417b40fc28c3c0397d67f147cfa99917,64b0f516c4150af456f05fd043eae6476f571e240a578af063256e2ea28e9e9a,64b0f516c4150af456f05fd043eae6476f571e240a578af063256e2ea28e9e9a,0.875,1.0,0.125,0.125,0.175,0.04999999999999999,1.125,1.35,0.2250000000000001,81,155,kept,"keep the ratio/locus setup; replace round-2 circle-fitting recovery with a no-restart rule that treats a failing spot-check as arithmetic in the check, plus a symmetry shortcut and early commit","Seven of eight fresh rollouts were correct in 5k-12k tokens; the single failure derived the roots and the correct structure, then hit an arithmetic slip while solving a general-circle linear system, concluded the problem was contradictory, and burned the full 16384-token cap on ~50 self-doubt cycles without ever committing a result. Round 2 showed that appending recovery/commit discipline to the incumbent setup raised transfer sharply while its explicit circle-fitting route cost train accuracy, so I keep the setup and the discipline but redirect it: treat a conflicting spot-check as a bug in the check, recheck only that line instead of restarting, use symmetry to pin the locus rather than a large linear system, and state the simplified result before the budget runs low."
4,3,8554,150.75,150.85,e73c55e27100ae936358bb7823761096f52d3e52bbb1bf81a9e7298441eeb331,8f7191662e1d335fcd3228c9812ab2b66042a86fe092a64954cf3fb7eeaf9353,e73c55e27100ae936358bb7823761096f52d3e52bbb1bf81a9e7298441eeb331,0.5,0.375,-0.125,0.2,0.225,0.024999999999999994,0.9,0.825,-0.07500000000000007,131,133,discarded,replace open-ended parameter scanning with a bound-plus-witness optimality certificate that licenses stopping,"Four of eight rollouts were correct; all eight reached the right value very early (within the first ~4.5k characters of reasoning), and every failure was purely a truncation failure - it kept re-testing rotations (100+ mentions of rotation, 50-77 'Wait' restarts) until the 16384-token cap hit with the reasoning block still open, so nothing was graded. The incumbent's containment warning is working and is kept, but its 'commit and stop' clause gives no logical reason to stop, so the revision supplies one: a bound valid for all configurations plus a witness attaining it is a complete optimality proof, which makes further scanning provably pointless."
4,4,25003,150.76,150.86,9ad17434e90ac5fbf9203596a47b29dac7558e85f253b13129bb54f81a831763,40644c5ad3884d8dd2e32629b2968c787adfe9e53d2fb9166561d803c1e485f1,40644c5ad3884d8dd2e32629b2968c787adfe9e53d2fb9166561d803c1e485f1,0.25,0.625,0.375,0.225,0.1625,-0.0625,0.7,0.95,0.25,177,189,kept,recast the cap as a pointwise root condition on one shared affine target; dissolve the same-piece consecutive-difference identity and justify why the disjoint root budgets add to the asked-for length,"Of 8 fresh rollouts only 1 was correct: two hit the 16384-token limit, three declared the task impossible or nearly so by forcing a single piece's own consecutive difference to be constant, and one answered the interpolation point count instead. Most tellingly, one rollout derived the summed per-piece budget and then rejected it because the pattern is a single progression rather than several, so the revision replaces the same-piece difference identity with a pointwise root condition on one shared affine target and states why the disjoint root budgets add to the quantity requested."
4,5,30418,150.77,150.87,83c896bc82082c6ed4cb8791f9d2a555f90a25b05e0dc438a5532b3b8a6282c8,1039fe19deec2f56c5ce10d9aabf74936beb1b44df4f55a2eacc1ed0ca7ea829,83c896bc82082c6ed4cb8791f9d2a555f90a25b05e0dc438a5532b3b8a6282c8,0.875,0.375,-0.5,0.175,0.15,-0.024999999999999994,1.225,0.675,-0.55,63,106,discarded,"replace vague cross-check clause with confirm-constants-early plus a no-guessing, no-restart token-budget rule","Six of eight fresh rollouts were correct in 8-10k tokens; both failures were identical budget deaths at the 16384 cap with finish_reason length, never reaching an area at all. One derived the constants wrongly and only recovered near the cap; the other declared the system unsolvable and burned the remainder substituting guessed numeric values. The incumbent's 'verify with a second, different method' clause invites exactly that extra pass, so I traded it for confirming the constants immediately after solving for them and an explicit ban on numeric guessing and restarting, which targets non-termination generically rather than this setup."
4,6,26989,150.78,150.88,45b2c0df517f87901f5a1ad921b228f3059ad2ca08158d9c5eb6939a11ecf4b4,0c7aee72f2faf607792938b8a1024425a40b808664e635aa0864bfeb7d7cd997,45b2c0df517f87901f5a1ad921b228f3059ad2ca08158d9c5eb6939a11ecf4b4,0.125,0.0,-0.125,0.2125,0.125,-0.0875,0.55,0.25,-0.30000000000000004,200,200,discarded,add asserted-determinism (0/1) trap and a one-sample-space rule; name the 'remaining k equally likely to move last' shortcut explicitly,"Fresh sampling with the incumbent scored 0/8; seven rollouts terminated normally at 11k-16k tokens and one hit the cap while dithering, so length is only marginal. The second part failed in three recurring ways: two rollouts declared the whole process deterministic and reported certainty or impossibility, four fell back on an asserted 'each of the remaining items is equally likely to be moved last' shortcut giving 1/n or 1/(n-1), and one divided a permutation count by a branch-sequence count. The revision therefore names asserted determinism as a second trap alongside asserted symmetry, calls out the 'equally likely to move last' variant by name, keeps the pin-mechanics and free-versus-forced 1/2 machinery that transferred well in earlier rounds, and adds a same-sample-space check on the ratio."
4,7,3836,150.79,150.89,970826b6d808a016748fe1e6cda39b71098679265ead772ffa8f52eeb6eaed54,1223caf49db1e29b027539ab6c3d26a6f21a2251b15bfccca3f51467b3abc2fa,970826b6d808a016748fe1e6cda39b71098679265ead772ffa8f52eeb6eaed54,0.25,0.125,-0.125,0.1125,0.1,-0.012499999999999997,0.475,0.325,-0.14999999999999997,132,145,discarded,add off-by-one repair rule for degenerate small cases plus evaluate-don't-expand coefficient extraction,"Fresh sampling scored 2 of 8; the 6 failures all hit the token cap, and every one of them stalled at the same place: setting up the reduced instance. They wrote a small case with one condition too many or too few, got a redundant or inconsistent tiny system, then spent thousands of tokens debating whether a solution existed instead of fixing the index range. Two failures additionally burned the remaining budget expanding a long product term by term to extract a single low-order coefficient and kept getting contradictory values, so the revision adds an explicit off-by-one repair rule and tells the student to get that coefficient by evaluating or differentiating at a convenient point rather than expanding."
4,8,23443,150.82,150.90,149cabea90724683bc818e06d11bef6dc0c07209cfe1b68f2300dc838be4613d,63b3a9fe36af68021b3a687f112ab4f8fc6cc03d9e123b50064e9677527ee0a9,149cabea90724683bc818e06d11bef6dc0c07209cfe1b68f2300dc838be4613d,1.0,1.0,0.0,0.1625,0.1125,-0.05,1.325,1.225,-0.09999999999999987,77,112,discarded,prepend one-sentence per-unit-vs-total scope-labeling opener to the verbatim incumbent and gloss the markup as an explicit (1+p/100) multiplier,"All 8 fresh rollouts scored reward 1 with clean stops at 2.7-5.6k tokens, so train_i is saturated at 1.0 and every remaining gain must come from transfer. The rollouts still burn their first 1-2k tokens oscillating over whether each listed figure is a per-unit amount or a whole-collection total before any arithmetic starts, and the scope-labeling opener is the one mutation whose earlier trial coincided with the best transfer score seen so far, so I add exactly that sentence plus an explicit percent-as-multiplier gloss while leaving the incumbent's train-preserving sentences untouched, since the two prior wholesale rewrites each collapsed train."
4,9,3980,150.80,150.91,3bc4a8fb988c1eb05c38ceb4f4bd0bb3b1f52a692bff540b0be46ed42b51bd06,652ee8dc58008e69bb7e90163e071e0708bc579422e2fd3d5a546ca1fb63ccad,652ee8dc58008e69bb7e90163e071e0708bc579422e2fd3d5a546ca1fb63ccad,0.625,1.0,0.375,0.2375,0.25,0.012500000000000011,1.1,1.5,0.3999999999999999,172,180,kept,"force the opposite-sign centered branch with no extra offset, and make the add-the-two-values step a cancellation check that must yield a linear center equation, treating a quadratic/irrational center as a sign bug","Six of eight fresh rollouts were correct, all finishing under 13k tokens by committing early to a single shared-center antisymmetric pair and solving the two given values by adding and subtracting them; both failures ran to the 16384-token cap after mis-parameterizing that ansatz - one carried separate centers/offsets and derived a quadratic for the center with irrational roots, then abandoned the structure for full expansion of the composition, and the other explored inverse/same-sign variants and coefficient matching before ever fixing the signs. The revision therefore pins the exact centered form to use, forbids extra offsets and same-sign branches, and reframes the add-the-two-values step as a cancellation check whose failure signals a sign error to repair in place rather than a cue to expand."
4,10,3843,150.81,150.92,ae55ce3989859ea6f512c3e2c3fa5c48cffc4b29cf1ba69ccbf46e955fbe0f0d,dd96dfb992052dea62ab2214a4d147f14aa95c0c6f35b1224c4d06d84cf346cb,dd96dfb992052dea62ab2214a4d147f14aa95c0c6f35b1224c4d06d84cf346cb,0.25,0.625,0.375,0.2,0.1625,-0.037500000000000006,0.65,0.95,0.29999999999999993,148,178,kept,"add bijection self-check on hand-built maps and rule that a piecewise split contradicting the clean small-case pattern means a mis-traced case, not a real split","3 of 8 rollouts were correct; all 5 failures hit the 16384-token cap, and every one of them first got the two smallest cases right, then mis-traced the next-larger case into a claimed period of 2 and spent the rest of the budget oscillating over a piecewise formula it knew could not be the intended single expression. Two of those traces were visibly non-bijective (an element with two images, absurd cycle lengths), which the student read as exotic structure instead of bookkeeping error. The revision therefore keeps the concrete rewrite-the-row discipline but adds a bijection self-check and an explicit rule to distrust the odd larger case rather than the clean pattern, so the student resolves the contradiction and commits instead of looping."
5,1,28054,150.93,150.103,cbbaaafa1907efc60835e2a44f805271c9a2f4cd4fe5d3988c244caa7b7e5f7b,51faa7632c7e8f5853c2b20a4d3332a54596c42d31b943d30dce3968485c5180,cbbaaafa1907efc60835e2a44f805271c9a2f4cd4fe5d3988c244caa7b7e5f7b,0.25,0.25,0.0,0.1375,0.125,-0.012500000000000011,0.525,0.5,-0.025000000000000022,144,168,discarded,separate the candidate list per reading (divisors vs all smaller values) and force a check of symmetric/extremal candidates,"Fresh sampling with the incumbent hint scored 0/8 with 5 of 8 truncating at the token cap; every rollout built only the divisor pairs of the displayed number and then applied that same divisor list to the sum reading, so both readings looked contradictory and the student either looped re-deriving the same two cases or emitted a divisor it had already refuted. The incumbent flags label ambiguity but never says each reading induces a different candidate list, and it never prompts the symmetric or extremal candidate that a divisor enumeration cannot reach, so I added both plus a stricter no-restart rule."
5,2,30302,150.94,150.104,64b0f516c4150af456f05fd043eae6476f571e240a578af063256e2ea28e9e9a,572d8aeebd5773637ec29e532a817266a1c0181d6878a6e069c76dda6d68e1d5,64b0f516c4150af456f05fd043eae6476f571e240a578af063256e2ea28e9e9a,1.0,0.875,-0.125,0.175,0.1125,-0.062499999999999986,1.35,1.1,-0.25,155,181,discarded,"make the spot-check itself robust: evaluate sample points via modulus identities, and on conflict test a second instance rather than re-auditing the derivation","Seven of eight fresh rollouts were correct in 5.7k-9.1k tokens; the lone failure reached the correct locus equation quickly, then mis-evaluated one sample point (a dropped reciprocal/sign when inverting the map), and because the incumbent told it to recheck that one line it re-audited the same correct derivation roughly sixty times and burned the full 16384-token cap without ever committing a result. So the incumbent's no-restart rule fires but sends the student into a self-audit loop; I therefore make the check cheap and self-correcting (use modulus identities to evaluate an instance, and on conflict test a different instance instead of re-reading the derivation, since two agreeing instances outweigh one disagreeing one) and move the commit instruction ahead of all checking."
5,3,8554,150.95,150.105,e73c55e27100ae936358bb7823761096f52d3e52bbb1bf81a9e7298441eeb331,8f25577e4683f930be12d1eb38b0fb5e52a35602b299f74b854e1be8798d9a3b,e73c55e27100ae936358bb7823761096f52d3e52bbb1bf81a9e7298441eeb331,0.5,0.5,0.0,0.2,0.1375,-0.0625,0.9,0.775,-0.125,131,141,discarded,"add output-budget discipline: lead the visible reply with the result, ban restating the setup after reasoning closes","Four of eight rollouts scored; all eight reached the correct value early (within the first ~9k of ~55-62k characters), so the incumbent's containment and symmetry advice is working and is kept. The decisive new detail is that three of the four failures did close the reasoning block but then spent every remaining token re-introducing the setup, redefining coordinates and re-deriving the union identity, and were truncated before emitting any result; so this revision reallocates tokens from the wedge wording to an explicit short-output rule that puts the result on the first visible line and forbids restating the problem afterwards."
5,4,25003,150.96,150.106,40644c5ad3884d8dd2e32629b2968c787adfe9e53d2fb9166561d803c1e485f1,b270c73527d105efeee7a8d7a478c823ba0b83fcdb78c2ef9eec3f0252863353,40644c5ad3884d8dd2e32629b2968c787adfe9e53d2fb9166561d803c1e485f1,0.625,0.375,-0.25,0.1625,0.1875,0.024999999999999994,0.95,0.75,-0.19999999999999996,189,187,discarded,state that pieces are reusable so the piece count is never the cap; disambiguate residual-vanishing from the progression's own step,"The incumbent scored only 2 of 8 fresh rollouts (train_i=0.25), well below its 0.625 last round, so the signal is high-variance. The dominant failure, in 4 of the 8, was answering the number of available objects: each rollout insisted every progression term needs its own distinct polynomial, and one further collapsed the summed per-object budget back to a single residual's root count. The revision therefore declares pieces reusable and reserves the word difference for the progression's step, naming the residual separately."
5,5,30418,150.97,150.107,83c896bc82082c6ed4cb8791f9d2a555f90a25b05e0dc438a5532b3b8a6282c8,a886215a89b379b97607624fc787296ad177d6a8d1060dc531812253522f7da8,83c896bc82082c6ed4cb8791f9d2a555f90a25b05e0dc438a5532b3b8a6282c8,0.875,0.625,-0.25,0.175,0.1625,-0.012499999999999983,1.225,0.95,-0.27500000000000013,63,133,discarded,"target sign/factor slips in the elimination step with numeric back-substitution and a redo-that-step-only rule, plus shared-vertex cross product for area","Only three of eight fresh rollouts were correct: three died at the 16384-token cap still mid-elimination, one mangled a sign while moving the constant across the logarithm and then declared the system unsolvable before asserting an invented area, and one solved a wrongly cross-multiplied quadratic, took the extraneous root, and then applied the shoelace formula to a self-intersecting vertex order. The incumbent asks for verification by a second method but never says what to verify, so I made the check concrete (numerically substitute each candidate root into the original conditions), localized the retry to the failing elimination step instead of a full restart, and replaced the ambiguous area step with a cross product of two edge vectors from a shared vertex."
5,6,26989,150.98,150.108,45b2c0df517f87901f5a1ad921b228f3059ad2ca08158d9c5eb6939a11ecf4b4,da6322f1cc58c1ba4ef1d57de6c1838c3873ee3b6607f96014dad2692c6159df,45b2c0df517f87901f5a1ad921b228f3059ad2ca08158d9c5eb6939a11ecf4b4,0.125,0.0,-0.125,0.2125,0.2125,0.0,0.55,0.425,-0.12500000000000006,200,199,discarded,replace the first-vs-last hedge with the concrete LIFO orientation fact (a pile's bottom is its earliest arrival) and forbid reading 'bottom' as 'moved last',"Fresh sampling with the incumbent scored 0/8; six rollouts terminated normally at 11k-15k tokens and two hit the cap while relitigating, so length is secondary. Every failure on the second part came from one shared root cause: the rollouts equated the requested bottom slot with 'the item moved last' and then priced that event by an asserted uniform draw (1/n, 1/(n-1)) or by dividing a permutation count by a branch count, while two more collapsed the whole process to certainty. The revision therefore replaces the incumbent's vague 'FIRST or LAST arrival' hedge with the explicit last-in-first-out orientation rule, bans the 'bottom means moved last' reading, and keeps the free-versus-forced 1/2 accounting that transferred best in earlier rounds while naming 1/2^(all moves) as an additional wrong denominator."
5,7,3836,150.99,150.109,970826b6d808a016748fe1e6cda39b71098679265ead772ffa8f52eeb6eaed54,212ae3ed4e3da095f15cd1f79f5d91ef37a8189ca056cf0528bb7c0566837b66,970826b6d808a016748fe1e6cda39b71098679265ead772ffa8f52eeb6eaed54,0.25,0.125,-0.125,0.1125,0.1125,0.0,0.475,0.35,-0.125,132,137,discarded,add index-vs-exponent representation check and a substitute-once no-re-solve rule,"Fresh sampling scored 2 of 8 and all six failures hit the 16384-token cap. Every one of them died the same way: after solving a tiny case they recast the problem as a polynomial, silently swapped which variable was the summation index and which was the exponent, discovered the mismatch, and then spent thousands of tokens oscillating between the two readings and re-solving the same 3x3 system with different arithmetic each pass. The revision therefore front-loads an explicit index-versus-exponent check on the smallest case before any reinterpretation and replaces open-ended re-derivation with a single substitute-back verification that closes the case."
5,8,23443,150.102,150.110,149cabea90724683bc818e06d11bef6dc0c07209cfe1b68f2300dc838be4613d,bd8c43666474bc6f0a067640511b581b50c287ce73e50167bdaf63e3cf511d88,149cabea90724683bc818e06d11bef6dc0c07209cfe1b68f2300dc838be4613d,1.0,0.375,-0.625,0.1625,0.175,0.012499999999999983,1.325,0.725,-0.6,77,81,discarded,"compress rather than extend: recast the divisibility scaffold in unit-generic wording at incumbent length, naming gcd inline and replacing the vague integrality/units clause with multiply-back plus early bare-number commitment","All 8 fresh rollouts scored reward 1 with clean stops at 10-16k characters, so train_i stays saturated at 1.0 and every point of gain must come from transfer. Every prior proposal for this hint grew the text (112-138 tokens) and every one lost transfer ground, while the rollouts still spend 20-70 restatements per trace re-litigating per-unit versus whole-collection scope and 13-23 restatements circling the gcd, so this round tests the opposite axis: same 81-token budget as the incumbent, unit-generic nouns so the scaffold applies beyond this setting, gcd named inline, and a decide-once plus multiply-back plus commit-to-a-bare-number close in place of the vague integrality-and-units clause."
5,9,3980,150.100,150.111,652ee8dc58008e69bb7e90163e071e0708bc579422e2fd3d5a546ca1fb63ccad,36a9ce529320c4e27a4e0a83b56bc39018e2ec01d1109e42b02d457b5567d950,652ee8dc58008e69bb7e90163e071e0708bc579422e2fd3d5a546ca1fb63ccad,1.0,0.875,-0.125,0.25,0.175,-0.07500000000000001,1.5,1.225,-0.2749999999999999,180,182,discarded,immunize the centered family against self-inflicted sign/parity objections and treat a degenerate center as an arithmetic slip to redo in place rather than a cue to abandon the ansatz,"Seven of eight fresh rollouts were correct, all finishing under 13k tokens by adopting the shared-center antisymmetric pair and solving the two given values by sum and difference; the single failure ran to the 16384-token cap after reaching that exact ansatz twice, then discarding it because it mis-added the two given values into a degenerate center and separately convinced itself the inner-plus-outer sign parity forbade odd k, after which it fell back to naming coefficients and expanding the degree-nine composition. The revision therefore pre-refutes the parity objection by noting both compositions reduce to the same form, and reclassifies a degenerate or value-clashing center as a one-line arithmetic slip to repair in place instead of grounds to change methods."
5,10,3843,150.101,150.112,dd96dfb992052dea62ab2214a4d147f14aa95c0c6f35b1224c4d06d84cf346cb,7b8324d5ceaa0cfee314c71edfe10b629143432eb4c46496000fd2642412e289,dd96dfb992052dea62ab2214a4d147f14aa95c0c6f35b1224c4d06d84cf346cb,0.625,0.25,-0.375,0.1625,0.175,0.012499999999999983,0.95,0.6,-0.35,178,166,discarded,"forbid untraced cycle-structure period claims, make refuted periods permanently discarded, and require the closed form to fit the smallest verified count so off-by-one exponents get corrected instead of relitigated","Only 1 of 8 rollouts scored; 6 hit the 16384-token cap and one filled its budget with a literally repeating sentence. The shared mechanism was asserting a period from unverified cycle-structure narration, then re-raising the same refuted candidate dozens of times and settling on an off-by-one exponent that contradicted its own smallest verified case. The revision therefore bans untraced period claims, forces refuted candidates to stay discarded, and makes disagreement with the smallest verified count diagnose an exponent slip in the formula rather than reopen the case."
